order_id,order_date,item,item_id,item_quantity,item_price,item_description,city,country,order_status
1,05/22/2025,Chocolate Chip Muffins,1,1,"€32,87",Fresh baked chocolate chip muffins for breakfast.,Wuppertal,Germany,canceled
2,04/17/2025,Electric Griddle with Lid,2,2,"€41,57","Non-stick griddle for pancakes, burgers, and more.",Aachen,Germany,shipped
3,09/27/2025,Pet Carrier Backpack,3,3,"€85,57",Comfortable and breathable backpack for carrying small pets.,Köln,Germany,returned
4,04/30/2026,Cinnamon Apple Sauce,4,4,"€119,14",Delicious apple sauce with a hint of cinnamon,Osnabrück,Germany,returned
5,08/23/2025,Roasted Garlic Aioli,5,5,"€16,96",Flavored aioli made with roasted garlic,Dresden,Germany,returned
6,09/15/2025,Self-Adhesive Wallpaper,6,6,"€48,53",Peel and stick wallpaper for easy home decor changes.,Hamburg,Germany,shipped
7,11/10/2025,Kids' Crafting Station,7,7,"€52,24",Complete station with supplies for kids' art projects.,Hamburg Harvestehude,Germany,canceled
8,04/07/2026,Foldable Picnic Table,8,8,"€57,53",Lightweight and portable picnic table for outdoor use.,Düsseldorf,Germany,returned
9,07/15/2025,Wireless Security System,9,9,"€25,25",Comprehensive camera and alert system for home security.,Berlin,Germany,shipped
10,05/10/2025,Spaghetti and Meatball Dinner Kit,10,10,"€16,60","All-in-one meal kit including pasta, meatballs, and sauce for a quick dinner.",Bochum,Germany,shipped
11,09/14/2025,Electric Air Pump,11,11,"€14,22",Fast and convenient air pump for inflating toys and furniture.,Cottbus,Germany,proceed
12,12/10/2025,Almond Quinoa Salad,12,12,"€107,27","Healthy salad made with quinoa, almonds, and mixed greens, perfect for a light meal.",Neuss,Germany,proceed
13,07/22/2025,Whisk Set,13,13,"€14,42",Set of whisks in various sizes for cooking.,Braunschweig,Germany,shipped
14,07/23/2025,Car Windshield Sun Shade,14,14,"€45,51",Protects car interior from sun damage and heat.,Heilbronn,Germany,returned
15,11/03/2025,Corn Tortillas,15,15,"€71,77","Soft and warm corn tortillas, perfect for tacos and burritos.",München,Germany,returned
16,07/02/2025,Portable Hand Warmer,16,16,"€47,97",Rechargeable hand warmer for cold weather comfort.,Hamburg,Germany,returned
17,06/17/2025,Adjustable Dumbbells,17,17,"€94,26",Space-saving adjustable dumbbells for strength training.,Bremerhaven,Germany,returned
18,04/30/2025,Basketball,18,18,"€24,34",Official size basketball for indoor and outdoor play.,Nürnberg,Germany,canceled
19,09/03/2025,Cinnamon Roll Protein Bar,19,19,"€33,88",Soft and chewy bar packed with protein and cinnamon flavors.,Dresden,Germany,proceed
20,08/21/2025,Classic Caesar Dressing,20,20,"€140,35",Rich and creamy Caesar dressing for salads and wraps.,Reutlingen,Germany,canceled
21,07/03/2025,Electric Wax Warmer,21,21,"€37,20",Wax warmer for creating a soothing atmosphere with fragrances.,Lübeck,Germany,canceled
22,09/10/2025,Coconut Curry Chicken,22,22,"€144,91","Tender chicken cooked in a rich coconut curry sauce, ready to heat and serve.",Berlin,Germany,shipped
23,09/30/2025,Maple Oatmeal,23,23,"€41,67",Delicious maple-flavored oatmeal for a quick breakfast.,München,Germany,canceled
24,08/21/2025,Creamy Garlic Dressing,24,24,"€148,66","Rich and creamy dressing with garlic flavor, perfect for salads.",Leipzig,Germany,canceled
25,05/08/2026,Hand Crank Blender,25,25,"€38,33",Manual blender for smoothies and mixing ingredients on the go.,Mönchengladbach,Germany,shipped
26,05/15/2025,Sushi Roll Kit,26,26,"€37,10",All ingredients needed to make your own sushi,Bremen,Germany,returned
27,09/17/2025,Digital Wireless Meat Thermometer,27,27,"€73,65",Bluetooth thermometer that alerts you when your meat is done.,Leipzig,Germany,shipped
28,03/25/2026,Sweet Chili Sauce,28,28,"€96,88","A sweet and spicy sauce, great for dipping or cooking.",München,Germany,shipped
29,01/29/2025,Sweet Potato & Kale Hash,29,29,"€58,76","Savory hash made with sweet potatoes and kale, a perfect side dish.",München,Germany,shipped
30,12/20/2025,Pumpkin Spice Cookies,30,30,"€28,74",Delicious cookies flavored with pumpkin and spices.,Berlin,Germany,canceled
31,05/25/2026,Quality Chef Apron,31,31,"€129,49",Durable apron to keep clothes clean while cooking.,Braunschweig,Germany,shipped
32,10/07/2025,Herbal Tea Set,32,32,"€65,66",Assorted herbal tea bags for relaxation and wellness.,Bremen,Germany,canceled
33,01/05/2025,Field Journal,33,33,"€98,89",Durable journal for nature observations and notes.,Berlin,Germany,canceled
34,06/23/2025,Electric Stir Fry Pan,34,34,"€142,52",Large stir fry pan with non-stick surface.,Leipzig,Germany,returned
35,06/01/2025,Chocolate Fudge Brownie Mix,35,35,"€19,35",Just add water for delicious brownies.,Wuppertal,Germany,returned
36,09/11/2025,Wooden Blocks,36,36,"€22,02",Classic wooden building blocks for toddlers.,Berlin,Germany,returned
37,04/29/2025,Mini Meatballs,37,37,"€66,99",Frozen mini meatballs that are great as a snack or in pasta dishes.,Hamburg,Germany,shipped
38,11/18/2025,Weighted Jump Rope,38,38,"€146,89",Adjustable weighted jump rope for workouts.,Braunschweig,Germany,proceed
39,01/18/2025,Printed Maxi Skirt,39,39,"€53,67",A colorful printed maxi skirt for a bohemian look.,Dresden,Germany,canceled
40,10/30/2025,Handheld Vacuum,40,40,"€21,76",Cordless handheld vacuum for quick cleanups.,Dortmund,Germany,canceled
41,12/30/2025,Thyme,41,41,"€69,93","Fresh thyme, perfect for seasoning dishes.",Mülheim an der Ruhr,Germany,canceled
42,05/04/2025,Toy Building Set,42,42,"€48,84",Creative building set for kids to spark imagination.,Stuttgart Stuttgart-Mitte,Germany,returned
43,07/25/2025,Vegetable Lasagna,43,43,"€99,45","Layers of pasta, veggies, and cheese baked to perfection.",Karlsruhe,Germany,canceled
44,05/09/2026,Portable Phone Mug Holder,44,44,"€70,26",Convenient holder for drinks and phones while driving.,Remscheid,Germany,returned
45,07/15/2025,Instant Mashed Potatoes,45,45,"€60,61",Quick and easy side dish with buttery flavor.,Hamburg,Germany,shipped
46,07/29/2025,Rechargeable Hand Warmer,46,46,"€45,56",Portable rechargeable warmer for cold days.,Nürnberg,Germany,canceled
47,04/24/2025,Linen Trousers,47,47,"€52,12",Breathable linen trousers perfect for hot weather.,Mannheim,Germany,canceled
48,07/22/2025,Hummus Trio Pack,48,48,"€100,23","A variety pack of classic, roasted red pepper, and garlic hummus.",Leipzig,Germany,proceed
49,02/18/2026,Spice Rack,49,49,"€66,26",Rotating spice rack with 20 spice jars.,Frankfurt am Main,Germany,proceed
50,08/25/2025,Pumpkin Spice Latte Mix,50,50,"€144,54",Instant mix for delicious pumpkin spice lattes at home.,Berlin,Germany,canceled
51,06/18/2025,Chocolate Chip Muffins,51,51,"€21,38",Fresh baked chocolate chip muffins for breakfast.,Dillenburg,Germany,canceled
52,11/13/2025,Fruit Medley Juice,52,52,"€77,60",Refreshing juice blend made with various fresh fruits.,Chemnitz,Germany,shipped
53,05/08/2025,Sriracha Honey Glaze,53,53,"€126,53","A spicy glaze made with sriracha and honey, perfect for meats.",Stuttgart,Germany,canceled
54,04/29/2026,Toilet Paper (12 rolls),54,54,"€118,83",Soft and strong toilet paper for everyday use.,Würzburg,Germany,proceed
55,02/25/2025,Self-Cleaning Water Bottle,55,55,"€120,80",Water bottle with built-in UV-C light for self-cleaning.,Berlin,Germany,returned
56,05/30/2025,Camping Chair,56,56,"€59,93",Portable folding camping chair with cup holder.,Kassel,Germany,canceled
57,01/11/2026,Frozen Acai Bowl,57,57,"€105,07",Healthy frozen acai bowl with toppings.,Hamburg,Germany,shipped
58,03/01/2026,Electric Stool Heater,58,58,"€20,43",Heated stool cover for extra comfort during winter.,Düsseldorf,Germany,canceled
59,03/27/2026,Honey,59,59,"€64,14","Pure and natural honey, great for sweetening.",Offenbach,Germany,returned
60,05/01/2025,Pet Reflective Vest,60,60,"€132,50",Safety vest for pets during nighttime walks.,Hannover,Germany,returned
61,01/15/2025,Sweet Chili Dipping Sauce,61,61,"€136,00",A sweet and spicy sauce ideal for spring rolls or chicken nuggets.,Würzburg,Germany,proceed
62,05/27/2026,Dog Training Whistle,62,62,"€97,62",High-frequency whistle for training your dog effectively.,Stuttgart,Germany,proceed
63,01/06/2025,Organic Black Beans,63,63,"€86,33","Versatile canned black beans, ready to add to any dish.",Karlsruhe,Germany,proceed
64,05/24/2026,Cable Knit Cardigan,64,64,"€40,03",Cozy cable knit cardigan to layer during chilly evenings.,Bremen,Germany,shipped
65,05/24/2026,Pumpkin Spice Cookies,65,65,"€51,75",Delicious cookies flavored with pumpkin and spices.,Wetzlar,Germany,shipped
66,06/02/2025,Cat Tree with Scratching Posts,66,66,"€146,56",Multi-level cat tree for play and scratching.,Osnabrück,Germany,returned
67,12/29/2025,Digital Camera,67,67,"€86,07",Compact digital camera with 20MP resolution.,Leipzig,Germany,canceled
68,05/01/2025,Garlic Breadsticks,68,68,"€87,33","Ready-to-bake garlic breadsticks, perfect with pasta dishes.",Kiel,Germany,canceled
69,03/07/2025,Electric Ice Cream Maker,69,69,"€81,20",Make delicious ice cream at home with this user-friendly machine.,Offenbach,Germany,shipped
70,02/01/2025,Herbed Chicken Breast,70,70,"€109,26","Marinated chicken breast seasoned with herbs, ready for grilling.",Leipzig,Germany,shipped
71,01/11/2025,Carrot Sticks,71,71,"€52,95","Freshly cut carrot sticks, perfect for snacking.",Kiel,Germany,proceed
72,12/21/2025,Folding Backpack Chair,72,72,"€89,59",Versatile chair that easily folds up for carrying.,Köln,Germany,shipped
73,03/18/2026,LED Desk Lamp with USB Charging Port,73,73,"€85,39",Modern lamp featuring a USB port for convenient charging.,Hamburg,Germany,returned
74,09/02/2025,Frozen Mixed Berries,74,74,"€101,11","A mix of strawberries, blueberries, and raspberries.",Karlsruhe,Germany,shipped
75,03/16/2026,Cranberry Orange Juice,75,75,"€31,15",Refreshing juice blend of cranberries and oranges.,Kiel,Germany,canceled
76,01/03/2025,Wine Glasses,76,76,"€35,68",Set of elegant wine glasses for special occasions.,Stuttgart,Germany,proceed
77,03/04/2026,Beef Stroganoff Meal Kit,77,77,"€65,15",Complete meal kit with everything needed to make beef stroganoff in under 30 minutes.,Freiburg im Breisgau,Germany,returned
78,02/28/2025,Cajun Seasoning,78,78,"€116,57",Spicy seasoning mix for all your favorite dishes.,Braunschweig,Germany,returned
79,07/24/2025,Sesame Oil,79,79,"€144,05",Nutty-scented oil for stir-fry and marinades.,Freiburg im Breisgau,Germany,returned
80,11/14/2025,Home Karaoke System,80,80,"€68,68",Complete karaoke system with microphones and speakers.,Heilbronn,Germany,returned
81,07/24/2025,Chic Jumpsuit,81,81,"€52,86",An elegant jumpsuit that can be dressed up or down.,Berlin,Germany,proceed
82,10/28/2025,Fitness Resistance Bands Set,82,82,"€101,80",Variety of bands suitable for all fitness levels.,Berlin,Germany,returned
83,10/05/2025,Indoor Plants,83,83,"€87,56",Assorted indoor plants for home decor.,Berlin,Germany,proceed
84,02/05/2026,Cold Brew Coffee Concentrate,84,84,"€98,71","Rich and smooth cold brew coffee concentrate, just add water or milk.",München,Germany,shipped
85,03/21/2026,Stick Vacuums Cleaner,85,85,"€14,79",Cordless vacuum cleaner for quick clean-ups.,Mainz,Germany,returned
86,02/22/2025,Luxury Rolling Makeup Case,86,86,"€119,60",Stylish and spacious case for makeup and beauty products.,München,Germany,proceed
87,12/11/2025,Flavored Instant Oatmeal,87,87,"€62,32",Quick oatmeal with various flavors,Nürnberg,Germany,canceled
88,05/29/2025,Cranberry Almond Cookies,88,88,"€76,86",Delicious cookies with cranberries and almonds in every bite.,Berlin,Germany,proceed
89,05/21/2025,Oven Mitts,89,89,"€123,67",Silicone oven mitts for safe handling of hot cookware.,Berlin,Germany,proceed
90,04/21/2025,Ice Cream Scoop,90,90,"€93,40",Durable scoop for perfectly shaped ice cream servings.,Offenbach,Germany,shipped
91,08/18/2025,High-Top Leather Boots,91,91,"€63,09",Durable high-top leather boots for the stylish adventurer.,Stuttgart,Germany,returned
92,05/30/2025,Pomegranate Juice,92,92,"€66,06","Fresh pomegranate juice, rich in antioxidants.",Chemnitz,Germany,returned
93,10/08/2025,Savory Breakfast Sausage,93,93,"€16,42","Frozen sausage patties made with herbs and spices, perfect for breakfast sandwiches.",Frankfurt am Main,Germany,shipped
94,08/05/2025,Coconut Rice,94,94,"€85,78",Fluffy rice cooked with coconut milk for a tropical twist.,Mönchengladbach,Germany,proceed
95,11/01/2025,Pistachio Ice Cream,95,95,"€61,73",Creamy pistachio-flavored ice cream with real nuts.,Hamburg Bramfeld,Germany,canceled
96,12/10/2025,Vegan Chickpea Salad,96,96,"€18,86","Healthy salad made with chickpeas, vegetables, and a lemon dressing.",Augsburg,Germany,returned
97,01/06/2025,Portable Air Pump,97,97,"€28,20",Compact pump ideal for inflating sports equipment or rafts.,Stuttgart,Germany,canceled
98,01/03/2026,Digital Alarm Clock,98,98,"€145,22",Snooze function and LED display for easy reading.,Kiel,Germany,shipped
99,04/17/2026,Fashionable Scarves Set,99,99,"€66,23",Stylish scarves to accessorize any outfit.,Berlin,Germany,returned
100,07/07/2025,Marinara Parmesan Baked Ziti,100,100,"€123,31",Ziti pasta baked with marinara and parmesan cheese,Chemnitz,Germany,proceed
101,08/28/2025,LED Flashing Pet Collar,101,101,"€104,33",Safety collar with flashing lights for pets during night walks.,Stuttgart,Germany,shipped
102,04/30/2025,Sea Salt Caramel Popcorn,102,102,"€44,25","Sweet and salty popcorn with sea salt and caramel, a tasty treat.",Frankfurt am Main,Germany,returned
103,12/31/2025,Classic BBQ Sauce,103,103,"€40,16",Smoky and sweet BBQ sauce for grilling and dipping.,München,Germany,shipped
104,12/27/2025,Spicy Snack Mix,104,104,"€144,34",A crunchy blend of nuts and pretzels with a spicy kick.,Berlin,Germany,proceed
105,11/30/2025,Sweet Corn Fritters,105,105,"€38,62",Golden-brown fritters made with sweet corn.,Mannheim,Germany,proceed
106,01/02/2025,Whole Roasted Chicken,106,106,"€111,71","Seasoned and roasted to perfection, ready to eat.",Duisburg,Germany,proceed
107,08/01/2025,Vegan Chocolate Cake Mix,107,107,"€48,32",Plant-based mix for a rich chocolate cake.,Hamburg,Germany,canceled
108,04/14/2025,Thyme,108,108,"€66,23","Fresh thyme, perfect for seasoning dishes.",Saarbrücken,Germany,canceled
109,09/22/2025,Summer Tank Dress,109,109,"€95,26","A lightweight tank dress, ideal for warm weather outings.",München,Germany,proceed
110,05/27/2025,Cauliflower Rice Stir-Fry,110,110,"€135,33",Frozen cauliflower rice blended with mixed vegetables and seasonings.,Essen,Germany,returned
111,09/22/2025,Honey Sriracha Chicken Bites,111,111,"€145,34","Frozen chicken bites coated in a honey sriracha glaze, spicy and sweet.",Berlin,Germany,returned
112,05/13/2025,Weighted Blanket for Adults,112,112,"€37,40",A calming blanket that provides gentle pressure for relaxation.,Hamburg,Germany,returned
113,09/21/2025,Blueberry Oatmeal Cups,113,113,"€52,81",Instant oatmeal cups with blueberries for an easy breakfast.,Dresden,Germany,canceled
114,01/18/2025,Collapsible Pet Dog Bowl,114,114,"€73,02",Travel-friendly dog bowl that is collapsible for easy storage.,Cottbus,Germany,shipped
115,02/05/2026,Coconut Chia Pudding,115,115,"€61,55",Creamy chia pudding made with coconut milk and topped with mango.,Düsseldorf,Germany,shipped
116,07/18/2025,Coconut Chia Pudding,116,116,"€95,46",Creamy chia pudding made with coconut milk and topped with mango.,Chemnitz,Germany,shipped
117,09/03/2025,Wireless Game Controller,117,117,"€58,74",Ergonomic wireless controller for gaming consoles.,München,Germany,shipped
118,07/02/2025,Kitchen Scale,118,118,"€147,31",Digital scale for precise cooking measurements.,Chemnitz,Germany,returned
119,05/09/2025,Organic Vanilla Bean Ice Cream,119,119,"€127,57","Creamy ice cream made with real vanilla beans, perfect for desserts.",Hanau,Germany,proceed
120,06/10/2025,Chocolate Covered Pretzels,120,120,"€143,09","Crunchy pretzels coated in rich chocolate, a sweet treat.",Dresden,Germany,returned
121,03/31/2026,Portable Campfire,121,121,"€135,50",Compact campfire for grilling and warmth during camping trips.,Berlin,Germany,shipped
122,05/11/2025,Pet Grooming Kit,122,122,"€130,04",Complete grooming kit for dogs and cats.,Dresden,Germany,shipped
123,08/31/2025,Streaming Device,123,123,"€129,03",HD streaming device for accessing popular services.,Hamburg Harvestehude,Germany,returned
124,10/01/2025,USB Flash Drive,124,124,"€57,81",32GB USB flash drive with fast data transfer speeds.,Hamburg,Germany,proceed
125,08/06/2025,Classic Leather Wallet,125,125,"€105,85",A sleek leather wallet that combines style and functionality.,Braunschweig,Germany,proceed
126,05/27/2026,Essential Oils Diffuser Necklace,126,126,"€87,18",Wearable diffuser for scenting your space and body.,Freiburg im Breisgau,Germany,proceed
127,09/16/2025,Chicken Breasts,127,127,"€113,24",Juicy and tender boneless chicken breasts.,Bremerhaven,Germany,proceed
128,06/14/2025,Italian Pasta,128,128,"€132,73","Authentic Italian pasta, perfect for a classic meal.",Augsburg,Germany,proceed
129,08/01/2025,Peach Halves (canned),129,129,"€54,80","Sweet peach halves packed in juice, great for desserts.",Braunschweig,Germany,returned
130,11/20/2025,Foldable Yoga Mat,130,130,"€78,15",Compact yoga mat that folds for easy storage and transport.,Herne,Germany,canceled
131,06/11/2025,Heat-Resistant Silicone Mat,131,131,"€131,32",Protects surfaces while baking or cooking with hot items.,Dortmund,Germany,shipped
132,07/01/2025,Vegetable Stir-Fry Sauce,132,132,"€94,78",Savory sauce for vegetable and meat stir-fries.,Kassel,Germany,canceled
133,07/02/2025,Organic Quinoa Chips,133,133,"€85,85","Light and crispy chips made from quinoa, ideal for dipping.",Düsseldorf,Germany,shipped
134,08/28/2025,Repair Tool Set for Home Improvement,134,134,"€91,45",Small toolkit with essentials for home repairs.,Saarbrücken,Germany,shipped
135,03/10/2025,Fried Rice,135,135,"€20,86","Pre-cooked vegetable fried rice, just heat and serve.",Hamburg,Germany,proceed
136,05/15/2026,Sweetened Condensed Milk,136,136,"€81,07",Rich and creamy milk perfect for baking or desserts.,Herne,Germany,canceled
137,04/22/2025,Insulated Wine Tote,137,137,"€27,30",Stylish tote to keep wine bottles chilled while traveling.,Köln,Germany,proceed
138,03/20/2025,Garlic Butter Sauce,138,138,"€42,92",A rich sauce perfect for pasta or drizzling over vegetables.,Würzburg,Germany,shipped
139,02/19/2026,Cinnamon Sugar Tortilla Chips,139,139,"€112,92","Crispy chips with a sweet twist, perfect for dipping.",Magdeburg,Germany,returned
140,11/13/2025,Vegan Tacos,140,140,"€105,68",Frozen vegan tacos filled with plant-based protein and spices.,Düsseldorf,Germany,shipped
141,02/14/2026,Greek Feta Cheese,141,141,"€81,49",Creamy and crumbly cheese for salads and dishes.,Solingen,Germany,proceed
142,10/11/2025,Vegetable Lasagna,142,142,"€88,30","Layers of pasta, veggies, and cheese baked to perfection.",Bonn,Germany,canceled
143,01/13/2026,Travel Jewelry Case,143,143,"€60,33",Portable case to organize and protect jewelry on trips.,Stuttgart Stuttgart-Mitte,Germany,canceled
144,01/01/2025,Drone,144,144,"€88,29",Beginner-friendly drone with HD camera.,Aachen,Germany,proceed
145,08/23/2025,Thai Basil Fried Rice,145,145,"€140,35",Fragrant fried rice with authentic Thai basil and veggies.,Gelsenkirchen,Germany,canceled
146,05/07/2026,Strawberry Banana Smoothie Pack,146,146,"€34,95",Frozen smoothie pack with strawberries and bananas.,Berlin,Germany,proceed
147,02/24/2025,Wireless Gaming Headset,147,147,"€66,77",Comfortable headset with surround sound for immersive gaming.,Mönchengladbach,Germany,proceed
148,09/19/2025,Solar String Lights,148,148,"€85,76",Eco-friendly string lights for outdoor decor.,Dortmund,Germany,returned
149,10/26/2025,Fresh Basil,149,149,"€75,12","Aromatic fresh basil, perfect for Italian cooking.",Kiel,Germany,canceled
150,05/06/2026,Sparkling Blood Orange Soda,150,150,"€21,90",A refreshing sparkling beverage with a bold blood orange flavor.,Heilbronn,Germany,canceled
151,01/02/2026,Peach Halves (canned),151,151,"€94,02","Sweet peach halves packed in juice, great for desserts.",Hamburg Winterhude,Germany,proceed
152,10/24/2025,Honey Garlic Chicken,152,152,"€111,58",Tender chicken coated in a sweet and savory honey garlic sauce.,Kassel,Germany,proceed
153,01/14/2026,Electric Rice Cooker,153,153,"€137,57",Multi-function rice cooker for all types of rice recipes.,Berlin,Germany,returned
154,09/01/2025,Kids' Educational Tablet,154,154,"€31,63",Learning tablet with kid-friendly educational apps.,Hamburg,Germany,canceled
155,02/07/2025,Personal Blender with Travel Lid,155,155,"€62,11",Blender designed for smoothies and shakes on the go.,Braunschweig,Germany,returned
156,08/21/2025,Spinach and Feta Stuffed Chicken Breast,156,156,"€64,63","Juicy chicken breast stuffed with spinach and feta cheese, seasoned to perfection.",Berlin,Germany,proceed
157,04/17/2025,Spinach and Feta Stuffed Chicken Breast,157,157,"€51,95","Juicy chicken breast stuffed with spinach and feta cheese, seasoned to perfection.",Hamburg,Germany,canceled
158,11/22/2025,Organic Spinach,158,158,"€67,62","Fresh organic spinach, great for salads or cooking.",Rostock,Germany,shipped
159,02/19/2026,Blue Denim Jeans,159,159,"€93,49",Classic fit blue jeans with a slight stretch for comfort and durability.,Hamburg,Germany,returned
160,02/20/2026,Frozen Acai Bowl,160,160,"€122,21",Healthy frozen acai bowl with toppings.,Nürnberg,Germany,canceled
161,02/21/2025,Deluxe First Aid Kit,161,161,"€89,82",Comprehensive first aid kit for home and travel.,Ludwigshafen am Rhein,Germany,canceled
162,07/05/2025,Lemon Sorbet,162,162,"€52,46",Refreshing sorbet with a zesty lemon flavor.,Hannover,Germany,proceed
163,01/25/2026,Rolling Cooler,163,163,"€103,30",Wheeled cooler for transporting drinks and snacks.,Wiesbaden,Germany,proceed
164,02/05/2025,Organic Lentil Soup,164,164,"€116,78",A hearty soup made with organic lentils and vegetables.,München,Germany,proceed
165,11/07/2025,Portable Hand Warmer,165,165,"€84,82",Rechargeable hand warmer for cold weather comfort.,Leipzig,Germany,returned
166,04/26/2026,Beef Taco Skillet,166,166,"€123,94",A convenient meal kit for making a delicious beef taco skillet at home.,München,Germany,proceed
167,11/12/2025,Garden Tool Belt,167,167,"€138,71",Handy belt for carrying garden tools while working.,Hamburg Harvestehude,Germany,canceled
168,01/17/2026,Maple Cinnamon Almonds,168,168,"€80,28",Roasted almonds coated in a sweet maple and cinnamon mixture.,Leipzig,Germany,shipped
169,04/26/2025,Foot Massager Machine,169,169,"€36,37",Electric foot massager for relaxation and relief.,Mannheim,Germany,canceled
170,02/02/2026,Frozen Berry Medley,170,170,"€116,69","A mix of strawberries, blueberries, and raspberries, great for smoothies or desserts.",Chemnitz,Germany,returned
171,03/23/2025,Vegetable Stock,171,171,"€144,77",Rich vegetable stock for cooking soups and stews.,Dortmund,Germany,shipped
172,01/30/2026,Marinara Sauce,172,172,"€124,94",Classic marinara sauce for all pasta dishes.,München,Germany,returned
173,02/14/2026,Emergency Preparedness Kit,173,173,"€70,65",Complete kit for emergency situations including food and water.,Augsburg,Germany,proceed
174,03/12/2025,Maple Chipotle Glaze,174,174,"€102,24",A sweet and spicy glaze that's perfect for grilling or marinades.,Hamburg,Germany,proceed
175,12/10/2025,Cinnamon Spiced Almonds,175,175,"€148,95",Crispy almonds coated with cinnamon and sugar for a sweet and crunchy snack.,Erfurt,Germany,canceled
176,02/16/2026,Jalapeño Cornbread,176,176,"€16,68",Spicy cornbread infused with jalapeños for a kick of flavor at your next meal.,Dresden,Germany,shipped
177,01/01/2026,Cacao Powder,177,177,"€110,76",Unsweetened cacao powder for baking and smoothies.,Wuppertal,Germany,proceed
178,12/31/2025,Peach Mango Smoothie Mix,178,178,"€129,11",A blend of peach and mango for a tropical smoothie.,München,Germany,canceled
179,03/01/2025,Sliced Bell Peppers,179,179,"€143,21",Fresh sliced bell peppers for salads or stir-fries.,Berlin,Germany,proceed
180,06/07/2025,Oversized Denim Shirt,180,180,"€63,38",A trendy oversized denim shirt perfect for layering.,Bremerhaven,Germany,shipped
181,01/10/2025,Yoga Mat,181,181,"€47,82",Non-slip yoga mat for optimal grip and comfort.,Düsseldorf,Germany,canceled
182,11/18/2025,Sesame Seeds,182,182,"€56,66",Crunchy seeds perfect for toppings and baking.,Bremen,Germany,returned
183,11/11/2025,Caramel Apple Chips,183,183,"€130,85",Crispy apple chips drizzled with caramel for a sweet treat.,Hamburg Sankt Pauli,Germany,proceed
184,03/03/2025,Lemon Garlic Marinade,184,184,"€112,60","A zesty marinade made with lemon juice and garlic, ideal for chicken or fish.",Dortmund,Germany,shipped
185,09/04/2025,Miso Soup Mix,185,185,"€110,57","Instant miso soup mix, just add hot water for a warm meal.",Wuppertal,Germany,proceed
186,12/13/2025,Pet Grooming Scissors,186,186,"€89,11",Quality scissors designed for easy pet grooming.,Berlin,Germany,canceled
187,07/20/2025,Denim Jacket,187,187,"€108,45",A classic denim jacket that never goes out of style.,München,Germany,proceed
188,03/10/2026,Basil Lemonade,188,188,"€13,99",Refreshing basil-infused lemonade for a cool drink.,Hamburg,Germany,proceed
189,03/22/2025,Digital Food Scale,189,189,"€15,75",Precision digital scale for accurate cooking measurements.,Dortmund,Germany,proceed
190,09/10/2025,Cauliflower Crust Pizza,190,190,"€81,13",A gluten-free pizza crust made from cauliflower.,Reutlingen,Germany,shipped
191,01/13/2025,Basil Tomato Soup,191,191,"€48,04","Rich tomato soup flavored with fresh basil, ready to heat up.",Berlin,Germany,canceled
192,07/03/2025,Glass Tea Pot,192,192,"€104,08",Elegant glass teapot for brewing loose tea.,München,Germany,shipped
193,04/07/2026,Incense Holder,193,193,"€48,52",Ceramic incense holder for a calming atmosphere.,München,Germany,returned
194,08/16/2025,Radish Chips,194,194,"€94,22","Crispy baked radish chips, a healthy snack alternative.",Neuss,Germany,proceed
195,09/23/2025,Voice-Controlled Speaker,195,195,"€18,80",Smart speaker with Alexa and music streaming features.,Hamburg,Germany,proceed
196,11/16/2025,Stainless Steel Travel Mug,196,196,"€121,79",Insulated mug to keep drinks hot on the go.,Mönchengladbach,Germany,canceled
197,03/01/2025,Stylish Wireless Earbuds,197,197,"€148,76",True wireless earbuds with excellent sound quality.,Berlin,Germany,proceed
198,01/20/2025,Organic Black Beans,198,198,"€81,29","Versatile canned black beans, ready to add to any dish.",Remscheid,Germany,canceled
199,01/14/2025,Printed Maxi Skirt,199,199,"€86,71",A colorful printed maxi skirt for a bohemian look.,Berlin,Germany,proceed
200,07/09/2025,Digital Wireless Meat Thermometer,200,200,"€29,32",Bluetooth thermometer that alerts you when your meat is done.,Reutlingen,Germany,returned
201,10/06/2025,Ceramic Planter Set,201,201,"€143,49",Set of decorative ceramic planters for indoor plants.,Duisburg,Germany,shipped
202,02/07/2026,Portable Bluetooth Headphones,202,202,"€84,28",Wireless headphones with noise-canceling features.,Offenbach,Germany,proceed
203,05/20/2026,Chocolate Coconut Granola,203,203,"€56,11","Crunchy granola with chocolate and coconut, great for breakfast or snacks.",Köln,Germany,canceled
204,05/04/2026,Italian Meatballs,204,204,"€123,97","Juicy meatballs made with a blend of beef and pork, seasoned with Italian herbs.",Gelsenkirchen,Germany,proceed
205,06/24/2025,Organic Baby Carrots,205,205,"€34,71",Fresh and crunchy baby carrots ready for snacking.,Dresden,Germany,returned
206,05/10/2025,Outdoor Adventure Backpack,206,206,"€92,58",Durable backpack for hiking or travel.,Halle,Germany,returned
207,07/30/2025,Aged White Cheddar Popcorn,207,207,"€136,58",Light and fluffy popcorn coated in aged white cheddar.,Braunschweig,Germany,proceed
208,03/27/2025,Honey Almond Granola Bars,208,208,"€83,67",Chewy granola bars made with honey and almonds.,Berlin,Germany,canceled
209,02/17/2025,Chocolate Protein Powder,209,209,"€36,12",Rich chocolate protein powder for smoothies and baking.,Aachen,Germany,shipped
210,09/22/2025,Hiking Gaiters,210,210,"€93,97",Protective gaiters to keep dirt and debris out of shoes during hikes.,Berlin,Germany,canceled
211,03/05/2025,Photo Album,211,211,"€143,41",Classic leather photo album for keepsakes.,Wetzlar,Germany,canceled
212,02/02/2026,Toasted Coconut Granola,212,212,"€72,23","Crunchy granola with toasted coconut flakes, perfect for breakfast or snacks.",Halle,Germany,proceed
213,06/02/2025,Eggs (dozen),213,213,"€93,47","Farm fresh eggs, essential for breakfast.",Stuttgart Stuttgart-Mitte,Germany,shipped
214,04/07/2026,Portable SSD,214,214,"€141,53","Fast and compact external solid state drive, 1TB.",Herne,Germany,shipped
215,02/12/2025,Professional Chef Knife,215,215,"€63,49",High-carbon stainless steel chef knife for precision cutting.,Erfurt,Germany,returned
216,01/16/2026,Pesto Genovese,216,216,"€41,56",Traditional basil pesto made with extra virgin olive oil.,Halle,Germany,proceed
217,01/19/2025,Portable Electric Fan,217,217,"€69,74",Compact fan for personal cooling at work or home.,Berlin,Germany,canceled
218,07/01/2025,Organic Vanilla Bean Ice Cream,218,218,"€91,07","Creamy ice cream made with real vanilla beans, perfect for desserts.",Hamburg Sankt Pauli,Germany,shipped
219,08/11/2025,French Bread,219,219,"€79,51","Freshly baked French baguette, perfect for dipping.",München,Germany,canceled
220,05/22/2025,Honey Wheat Pretzels,220,220,"€109,60",Crunchy pretzel sticks made with honey and whole wheat.,Hamburg,Germany,proceed
221,10/18/2025,Zucchini Noodles,221,221,"€146,06","Spiralized zucchini, a healthy alternative to pasta.",Stuttgart,Germany,returned
222,08/15/2025,Wireless Charger,222,222,"€136,91",Qi-certified wireless charger for fast charging.,Hamburg Sankt Pauli,Germany,proceed
223,03/09/2026,Cocoa Powder,223,223,"€40,07",Rich cocoa powder for baking and chocolate recipes.,Rostock,Germany,shipped
224,03/25/2026,Folding Table,224,224,"€146,25",Portable folding table for outdoor events.,Karlsruhe,Germany,returned
225,08/10/2025,Portable Campfire,225,225,"€128,24",Compact campfire for grilling and warmth during camping trips.,Saarbrücken,Germany,canceled
226,01/18/2025,Travel Document Organizer,226,226,"€21,85","Organize travel documents, passport, and cards.",Frankfurt am Main,Germany,proceed
227,12/31/2025,Chickpeas,227,227,"€114,11","Canned chickpeas, perfect for hummus or salads.",Dresden,Germany,returned
228,08/11/2025,Coconut Yogurt,228,228,"€62,08","Creamy yogurt made from coconut milk, dairy-free and delicious.",Berlin,Germany,shipped
229,01/28/2025,Travel Organizer,229,229,"€50,61",Compact travel organizer for accessories and toiletries.,Berlin,Germany,returned
230,08/05/2025,Car Emergency Kit,230,230,"€134,87",Comprehensive emergency kit for roadside assistance.,Heilbronn,Germany,proceed
231,02/17/2025,Travel Pillow with Memory Foam,231,231,"€73,75",Ergonomically designed neck pillow for comfortable travel.,Magdeburg,Germany,returned
232,03/01/2026,Garlic Herb Grilled Chicken,232,232,"€102,92",Marinated grilled chicken breasts seasoned with garlic and herbs.,Hamburg,Germany,proceed
233,07/15/2025,Guitar Tuner,233,233,"€59,26",Clip-on guitar tuner with LCD display.,Hamburg Winterhude,Germany,shipped
234,04/19/2025,Creative Puzzle Game,234,234,"€80,80",Challenging and fun puzzle game for all ages.,Hamburg,Germany,returned
235,02/05/2026,Gardening Tool Belt,235,235,"€51,52",Convenient belt with pockets for easy access to tools while gardening.,Berlin,Germany,shipped
236,05/27/2025,Utility Cargo Pants,236,236,"€13,01",Practical cargo pants with lots of pockets for functionality.,Berlin,Germany,canceled
237,11/09/2025,Electric Toothbrush Holder,237,237,"€120,16",Sanitary holder that ensures your toothbrush stays clean.,Hamburg,Germany,proceed
238,08/09/2025,Green Smoothie Mix,238,238,"€71,47",A convenient powder mix combining greens and fruits for smoothies.,Berlin,Germany,shipped
239,02/16/2026,Noise Reduction Headphones,239,239,"€36,85",Passive noise reduction headphones for focus.,Dortmund,Germany,proceed
240,06/11/2025,Classic Watch,240,240,"€110,35",Timeless analog watch with a leather strap.,Köln,Germany,shipped
241,04/29/2026,Cable Knit Cardigan,241,241,"€130,16",Cozy cable knit cardigan to layer during chilly evenings.,Erfurt,Germany,proceed
242,12/11/2025,Smart Light Switch,242,242,"€48,87",Control lights remotely with this smart switch.,Berlin,Germany,shipped
243,04/19/2025,Smartphone Projector Kit,243,243,"€69,14",DIY kit to convert your smartphone into a mini projector.,Bochum,Germany,returned
244,12/08/2025,Lentils,244,244,"€146,56","High in protein, perfect for soups and stews.",Köln,Germany,shipped
245,07/31/2025,Portable Bluetooth Headphones,245,245,"€70,58",Wireless headphones with noise-canceling features.,Dresden,Germany,shipped
246,03/30/2025,Sesame Seeds,246,246,"€148,25",Crunchy seeds perfect for toppings and baking.,Dortmund,Germany,proceed
247,10/20/2025,Quinoa and Kale Salad Kit,247,247,"€15,59","Ready-to-eat salad with quinoa and kale, drizzled with vinaigrette.",Berlin,Germany,shipped
248,02/11/2025,Kids' Outdoor Explorer Kit,248,248,"€70,80",Fun kit for aspiring explorers with binoculars and a compass.,Essen,Germany,canceled
249,03/15/2026,Photo Album,249,249,"€68,13",Classic leather photo album for keepsakes.,Hamburg,Germany,returned
250,10/21/2025,Compressed Towel Tablets,250,250,"€114,46","Compact towels that expand when wet, ideal for travel.",Leipzig,Germany,shipped
251,10/05/2025,Chocolate Almond Milk,251,251,"€136,30",Rich and creamy almond milk with a hint of chocolate.,Aachen,Germany,shipped
252,08/01/2025,Spicy Roasted Nuts,252,252,"€34,59","A mix of nuts roasted with spicy seasonings, perfect for snacking.",Hamburg Harvestehude,Germany,canceled
253,09/26/2025,Garlic & Herb Goat Cheese,253,253,"€84,56","Creamy goat cheese infused with herbs and garlic, perfect for spreading on crackers.",Dresden,Germany,returned
254,05/19/2025,Interactive Robot Toy,254,254,"€32,29",Fun robot that engages kids with games and activities.,Düsseldorf,Germany,returned
255,09/28/2025,Freestanding Wine Rack,255,255,"€90,71",Stylish wine rack to store and display bottles.,Leipzig,Germany,canceled
256,04/04/2025,Kids' Activity Book,256,256,"€131,51",Fun book filled with puzzles and games for kids.,Augsburg,Germany,canceled
257,01/26/2026,Lentil Soup,257,257,"€65,18","Flavorful lentil soup, perfect for a quick meal.",Braunschweig,Germany,shipped
258,03/19/2026,Luxury Rolling Makeup Case,258,258,"€56,75",Stylish and spacious case for makeup and beauty products.,Solingen,Germany,returned
259,03/06/2026,Wall-Mounted Bookshelf,259,259,"€122,51",Floating bookshelf to display your favorite books.,Freiburg im Breisgau,Germany,returned
260,10/18/2025,Pizza Stone,260,260,"€24,36",Ceramic pizza stone for homemade pizzas.,Münster,Germany,shipped
261,08/18/2025,Pasta Maker Machine,261,261,"€97,47",Manual pasta maker for creating fresh pasta at home.,Frankfurt am Main,Germany,returned
262,02/24/2025,Quinoa and Kale Salad Kit,262,262,"€113,23","Ready-to-eat salad with quinoa and kale, drizzled with vinaigrette.",Würzburg,Germany,returned
263,11/11/2025,Greek Feta Cheese,263,263,"€90,29",Creamy and crumbly cheese for salads and dishes.,Hamm,Germany,shipped
264,02/01/2026,Printed Maxi Skirt,264,264,"€17,26",A colorful printed maxi skirt for a bohemian look.,Heilbronn,Germany,returned
265,05/21/2025,Self-Massaging Pillow,265,265,"€32,29",Comfortable pillow with built-in massage features.,Bielefeld,Germany,proceed
266,06/17/2025,Chunky Knit Sweater,266,266,"€111,00",Cozy oversized sweater perfect for chilly days with a textured knit design.,Hamburg Harvestehude,Germany,proceed
267,03/06/2025,Whole Wheat Pita Bread,267,267,"€109,79","Soft and fluffy whole wheat pita bread, great for wraps.",Nürnberg,Germany,shipped
268,02/21/2026,Children's Science Experiment Lab Kit,268,268,"€67,56",STEM-based kit for kids featuring cool science experiments.,Berlin,Germany,proceed
269,06/04/2025,Chocolate Chip Cookie Mix,269,269,"€96,45",Everything you need to bake delicious chocolate chip cookies.,Dresden,Germany,returned
270,06/28/2025,Beef Stroganoff Meal Kit,270,270,"€68,74",Complete meal kit with everything needed to make beef stroganoff in under 30 minutes.,Bremerhaven,Germany,returned
271,01/31/2025,Electric Toothbrush Holder,271,271,"€41,30",Sanitary holder that ensures your toothbrush stays clean.,Berlin,Germany,canceled
272,07/06/2025,Bicycle Lock,272,272,"€33,56",Heavy-duty bicycle lock for security.,Frankfurt am Main,Germany,returned
273,03/16/2026,Adjustable Dumbbells,273,273,"€128,01",Space-saving adjustable dumbbells for strength training.,Hannover,Germany,proceed
274,06/15/2025,Coconut Lime Rice,274,274,"€26,23","Flavorful rice mixed with coconut and lime, a tropical side dish.",Dresden,Germany,returned
275,04/22/2025,Bluetooth Headphones,275,275,"€24,29",Noise-cancelling Bluetooth headphones for immersive sound.,Wetzlar,Germany,returned
276,05/05/2026,Pet Camera with Treat Dispenser,276,276,"€144,77",Monitor and interact with your pet remotely with this camera.,Offenbach,Germany,shipped
277,06/01/2025,Sweet Potato & Kale Hash,277,277,"€30,49","Savory hash made with sweet potatoes and kale, a perfect side dish.",Karlsruhe,Germany,canceled
278,06/06/2025,Fitness Tracker,278,278,"€104,69","Track steps, heart rate, and sleep patterns.",Düsseldorf,Germany,canceled
279,02/05/2025,Pineapple Rings,279,279,"€127,69",Delicious canned pineapple rings for desserts or salads.,Wiesbaden,Germany,shipped
280,02/16/2026,Coconut Rice,280,280,"€70,90",Fluffy rice cooked with coconut milk for a tropical twist.,Berlin,Germany,shipped
281,01/28/2025,Electric Food Steamer,281,281,"€30,77",Electric food steamer for healthy cooking.,Mönchengladbach,Germany,canceled
282,06/19/2025,Lentil Vegetable Stew,282,282,"€25,70","Hearty stew made with lentils and mixed vegetables, vegan-friendly.",Dresden,Germany,proceed
283,03/13/2026,Blue Denim Jeans,283,283,"€78,88",Classic fit blue jeans with a slight stretch for comfort and durability.,Stuttgart,Germany,canceled
284,05/06/2025,Creamy Tomato Basil Soup,284,284,"€33,70","Rich and creamy tomato basil soup, perfect with a grilled cheese.",Düsseldorf,Germany,proceed
285,11/24/2025,Vegetable Stock,285,285,"€71,22",Rich vegetable stock for cooking soups and stews.,Herne,Germany,shipped
286,01/12/2025,Professional Chef Knife,286,286,"€59,05",High-carbon stainless steel chef knife for precision cutting.,Leipzig,Germany,canceled
287,02/22/2025,Adjustable Pet Feeder,287,287,"€138,79",Convenient feeder that adjusts to your pet's height.,Hamm,Germany,proceed
288,06/04/2025,Cauliflower Pizza Crust,288,288,"€71,29",Healthy pizza crust made from cauliflower,Essen,Germany,returned
289,12/18/2025,Paint By Numbers Kit,289,289,"€68,14",Relaxing paint kit with pre-printed canvas for painting.,Hamburg,Germany,proceed
290,10/13/2025,Frozen Edamame,290,290,"€86,26","Lightly salted frozen edamame, a protein-packed snack.",Nürnberg,Germany,shipped
291,08/01/2025,Personalized Keychain,291,291,"€75,46",Custom keychain with engraved text.,Berlin,Germany,shipped
292,05/12/2026,Teriyaki Chicken Skewers,292,292,"€40,03",Grilled chicken skewers glazed with teriyaki sauce.,Köln,Germany,proceed
293,01/07/2025,Customizable Name Plate,293,293,"€86,20",Personalized nameplate for offices or homes.,Hannover,Germany,returned
294,11/09/2025,Organic Green Apples,294,294,"€22,61","Fresh and tart organic green apples, great for snacking or baking.",Offenbach,Germany,shipped
295,12/14/2025,Garden Tool Set with Carrying Bag,295,295,"€91,74",Complete set for garden care with a handy carrying bag.,Berlin,Germany,proceed
296,11/09/2025,Roasted Red Pepper Dip,296,296,"€117,00","A blend of roasted red peppers and spices, perfect for dipping.",Mönchengladbach,Germany,canceled
297,06/06/2025,Pesto Pasta Salad,297,297,"€128,12",Cold pasta salad tossed with pesto and fresh vegetables.,Hamburg,Germany,returned
298,08/05/2025,Banana Nut Muffins,298,298,"€131,01","Moist, fluffy muffins packed with bananas and walnuts for a delightful breakfast or snack.",Hamburg,Germany,proceed
299,03/23/2025,Quinoa,299,299,"€78,09","Protein-rich quinoa, a great alternative to rice.",Hamburg Bramfeld,Germany,shipped
300,09/19/2025,Wireless Printer,300,300,"€36,63",Compact wireless printer for home use.,Essen,Germany,returned
301,03/02/2025,Antique Style Clock,301,301,"€81,83",Nostalgic clock that adds charm to any room.,Dresden,Germany,canceled
302,01/22/2025,Vegetable Medley,302,302,"€46,72",Mixed fresh vegetables for stir-frying or roasting.,Kiel,Germany,returned
303,09/12/2025,Walnut Halves,303,303,"€92,94",Fresh walnut halves for baking or snacking.,Braunschweig,Germany,shipped
304,02/14/2025,Peanut Butter Filled Pretzels,304,304,"€84,36",Salty pretzels filled with creamy peanut butter.,Berlin,Germany,shipped
305,07/18/2025,Hair Dryer,305,305,"€112,97",Compact hair dryer with multiple heat settings.,Mannheim,Germany,canceled
306,10/28/2025,Casual Sneakers,306,306,"€61,43",Versatile canvas sneakers suitable for everyday wear with a comfortable fit.,Halle,Germany,proceed
307,12/20/2025,Essential White Button-Up,307,307,"€146,75",A classic white button-up shirt for a polished appearance.,Augsburg,Germany,shipped
308,04/02/2026,Wrap Front Midi Skirt,308,308,"€129,37","Elegant midi skirt with a wrap design, great for both formal and casual events.",Düsseldorf,Germany,returned
309,05/20/2026,Chilli Lime Corn on the Cob,309,309,"€128,88",Corn on the cob seasoned with chili and lime for a spicy kick.,Wiesbaden,Germany,shipped
310,07/07/2025,Granola Clusters,310,310,"€48,09","Crunchy granola clusters, perfect for snacking or topping yogurt.",Dresden,Germany,proceed
311,05/03/2025,Pumpkin Spice Pancake Mix,311,311,"€30,02",Pancake mix infused with seasonal pumpkin spice flavor.,Bonn,Germany,proceed
312,01/20/2025,Mediterranean Couscous,312,312,"€15,50","Flavored couscous with herbs and spices, perfect as a side dish or a base for salads.",Berlin,Germany,canceled
313,01/18/2026,Spinach Artichoke Dip,313,313,"€49,69","A delicious creamy dip featuring spinach and artichokes, perfect for parties.",München,Germany,returned
314,04/24/2026,Buffalo Style Cauliflower Bites,314,314,"€66,08","Frozen cauliflower bites coated in spicy buffalo sauce, ready to bake and enjoy as an appetizer.",Dortmund,Germany,proceed
315,10/20/2025,Whole Roasted Chicken,315,315,"€141,81","Seasoned and roasted to perfection, ready to eat.",Hamm,Germany,proceed
316,12/21/2025,Travel Sewing Kit,316,316,"€88,53",Compact sewing kit for travel emergencies.,Halle,Germany,shipped
317,12/23/2025,Insulated Lunch Box,317,317,"€94,42",Durable lunch box designed to keep food fresh and cool.,Essen,Germany,returned
318,02/28/2025,Banana Nut Muffins,318,318,"€134,53","Moist, fluffy muffins packed with bananas and walnuts for a delightful breakfast or snack.",München,Germany,canceled
319,05/05/2026,Summer Tank Dress,319,319,"€109,85","A lightweight tank dress, ideal for warm weather outings.",Essen,Germany,canceled
320,02/06/2026,Organic Italian Seasoning,320,320,"€53,50",A blend of dried herbs commonly used in Italian cooking.,Karlsruhe,Germany,proceed
321,09/10/2025,Quality Chef Apron,321,321,"€132,59",Durable apron to keep clothes clean while cooking.,Rostock,Germany,canceled
322,04/26/2026,Coconut Granola,322,322,"€145,40",Crunchy granola mixed with coconut flakes.,Essen,Germany,shipped
323,10/20/2025,Pistachio Ice Cream,323,323,"€101,19",Creamy pistachio-flavored ice cream with real nuts.,Freiburg im Breisgau,Germany,returned
324,05/07/2025,Teriyaki Beef Strips,324,324,"€110,64",Marinated beef strips in teriyaki sauce for easy grilling.,Magdeburg,Germany,proceed
325,07/24/2025,Silicone Cooking Utensils Set,325,325,"€32,45",Non-stick and heat-resistant utensils for cooking.,Wiesbaden,Germany,shipped
326,09/16/2025,Basil Pesto Pasta,326,326,"€108,85","Pasta tossed with fresh basil pesto, simple and delicious.",Nürnberg,Germany,shipped
327,04/17/2026,Italian Sausage and Peppers,327,327,"€28,46",A flavorful blend of Italian sausage with sautéed peppers and onions.,Ludwigshafen am Rhein,Germany,returned
328,01/20/2025,Chocolate Hazelnut Spread,328,328,"€54,27","A creamy spread made with chocolate and hazelnuts, perfect for toast.",Ludwigshafen am Rhein,Germany,returned
329,10/14/2025,Solar Power Bank,329,329,"€113,91",Eco-friendly power bank that charges via sunlight.,Wetzlar,Germany,shipped
330,07/26/2025,Kombucha Drink,330,330,"€27,91","Refreshing and tangy fermented tea, available in various flavors.",Berlin,Germany,proceed
331,09/10/2025,Silicone Baking Mats,331,331,"€17,45",Reusable silicone mats for non-stick baking.,Kiel,Germany,canceled
332,02/22/2026,Travel Hair Straightener,332,332,"€47,35",Compact hair straightener for travel.,Chemnitz,Germany,canceled
333,06/04/2025,Wall-Mounted Wine Rack,333,333,"€94,09",Stylish and modern holder for storing wine bottles on walls.,Hamburg,Germany,returned
334,03/14/2026,Slim Wallet,334,334,"€82,43",RFID-blocking slim wallet for cards and cash.,Stuttgart Stuttgart-Mitte,Germany,returned
335,03/31/2026,Mini Cordless Vacuum Cleaner,335,335,"€26,37",Handheld vacuum cleaner for quick and easy cleaning.,Cottbus,Germany,canceled
336,12/29/2025,Bamboo Utensil Holder,336,336,"€56,88",Stylish holder for organizing cooking utensils.,Berlin,Germany,returned
337,10/04/2025,Artisan Bread,337,337,"€69,49","Freshly baked artisan bread, perfect for sandwiches or toasting.",Hamburg,Germany,shipped
338,02/06/2025,Pecan Pie Filling,338,338,"€12,82",Sweet and nutty filling for delicious homemade pecan pie.,Mönchengladbach,Germany,shipped
339,02/10/2025,Rustic Wooden Picture Frame,339,339,"€63,70",Charming frame to showcase your favorite photos.,Düsseldorf,Germany,canceled
340,08/25/2025,Sliced Provolone Cheese,340,340,"€90,98",Mild cheese great for sandwiches.,Remscheid,Germany,proceed
341,06/08/2025,Dark Chocolate Raisins,341,341,"€51,90",Juicy raisins coated in rich dark chocolate.,Hamburg Bramfeld,Germany,returned
342,04/23/2026,Quinoa & Black Bean Salad,342,342,"€59,82",A nutritious salad with quinoa and black beans,Hannover,Germany,canceled
343,08/05/2025,Spinach and Cheese Stuffed Shells,343,343,"€104,74",Delicious pasta shells filled with spinach and cheese,Hannover,Germany,canceled
344,02/28/2026,Handheld Garment Steamer,344,344,"€119,94",Quick and easy way to remove wrinkles from clothes.,Chemnitz,Germany,canceled
345,12/26/2025,Fashionable Fanny Pack,345,345,"€106,29","A trendy fanny pack, perfect for hands-free outings.",Ludwigshafen am Rhein,Germany,proceed
346,02/04/2025,Black Bean & Corn Salad,346,346,"€104,16","A fresh salad made with black beans, corn, and a zesty dressing, great for summer cookouts.",Magdeburg,Germany,canceled
347,04/24/2026,Jasmine Rice,347,347,"€111,30","Fragrant jasmine rice, perfect as a side dish.",Chemnitz,Germany,shipped
348,04/30/2026,Ginger Turmeric Shots,348,348,"€103,34",Ready-to-drink shots made with fresh ginger and turmeric.,Mannheim,Germany,shipped
349,03/14/2025,Sporty Slide Sandals,349,349,"€88,44",Comfortable slide sandals for lounging by the pool.,Hamburg,Germany,proceed
350,03/24/2026,Noise Reduction Headphones,350,350,"€97,95",Passive noise reduction headphones for focus.,Leipzig,Germany,canceled
351,09/27/2025,Vanilla Almond Granola,351,351,"€12,52","Crunchy granola with almonds and a hint of vanilla, perfect for breakfast.",Frankfurt am Main,Germany,proceed
352,06/05/2025,Rustic Italian Breads,352,352,"€22,24",Freshly baked artisan bread with a crisp crust and soft center.,Berlin,Germany,shipped
353,10/22/2025,Smashed Avocado with Lime,353,353,"€15,60","A creamy blend of avocados and lime juice, great for spreads or dips.",Heilbronn,Germany,shipped
354,10/12/2025,Organic Quinoa Chips,354,354,"€109,31","Light and crispy chips made from quinoa, ideal for dipping.",Berlin,Germany,returned
355,02/10/2026,Watercolor Set,355,355,"€23,20",Complete watercolor set with paints and brushes.,München,Germany,shipped
356,01/31/2025,Dark Chocolate Covered Pretzels,356,356,"€148,86",Crunchy pretzels dipped in rich dark chocolate.,Berlin,Germany,shipped
357,04/23/2026,Organic Lentil Soup,357,357,"€81,14",A hearty soup made with organic lentils and vegetables.,Chemnitz,Germany,shipped
358,05/21/2026,Organic Green Lentils,358,358,"€91,78","Nutty flavored lentils, perfect for soups and salads.",Leipzig,Germany,canceled
359,03/23/2026,Comfortable Jogger Pants,359,359,"€54,18","Relaxed fit joggers made from soft fleece, ideal for lounging or workouts.",Chemnitz,Germany,returned
360,01/05/2026,DIY Lip Balm Kit,360,360,"€20,42",Craft your own lip balms with this complete kit.,Berlin,Germany,returned
361,02/23/2025,Silicone Baking Molds,361,361,"€144,54",Set of flexible molds for baking cakes and pastries.,Berlin,Germany,returned
362,05/01/2026,Kettle Chip Variety Pack,362,362,"€142,70",A crunchy collection of flavored kettle chips in a convenient pack.,Würzburg,Germany,proceed
363,02/18/2025,Sriracha Sauce,363,363,"€106,18",Spicy chili sauce for an extra kick in your meals.,Braunschweig,Germany,proceed
364,10/10/2025,Air Mattress,364,364,"€80,49",Inflatable air mattress for convenient sleeping.,Dresden,Germany,returned
365,09/09/2025,Portable Air Purifier,365,365,"€41,77",Compact air purifier to improve indoor air quality.,Hannover,Germany,canceled
366,11/11/2025,Dried Fruit Medley,366,366,"€111,08",A delightful mix of dried fruits for trail mix or snacks.,Düsseldorf,Germany,proceed
367,05/06/2025,Graphic Hoodie,367,367,"€91,49",Bold graphic hoodie featuring a comfortable fit and soft fabric.,Nürnberg,Germany,proceed
368,10/18/2025,Pet Grooming Scissors,368,368,"€70,78",Quality scissors designed for easy pet grooming.,Bonn,Germany,canceled
369,08/30/2025,Outdoor Camping Lantern,369,369,"€149,94",Rechargeable LED lantern ideal for camping and outdoor activities.,Würzburg,Germany,canceled
370,08/01/2025,Legging Pants,370,370,"€41,55",Comfortable and stretchy legging pants perfect for workouts or daily wear.,Solingen,Germany,proceed
371,01/01/2025,Peach Mango Smoothie Mix,371,371,"€95,11",A blend of peach and mango for a tropical smoothie.,Halle,Germany,proceed
372,03/25/2025,Coconut Cream Pie Mix,372,372,"€83,15","Creamy, sweet pie mix to make the perfect coconut cream pie.",Dresden,Germany,shipped
373,08/11/2025,High-Quality Yoga Mat,373,373,"€74,15",Non-slip mat designed for yoga and fitness exercises.,München,Germany,canceled
374,11/10/2025,Stainless Steel Travel Mug,374,374,"€35,09",Insulated mug to keep drinks hot on the go.,Köln,Germany,canceled
375,06/14/2025,Brussels Sprouts,375,375,"€138,17","Fresh Brussels sprouts, great for roasting or steaming.",Köln,Germany,shipped
376,02/16/2026,Dried Apricots,376,376,"€136,01","Sweet, chewy dried apricots, great for snacking or baking.",Halle,Germany,proceed
377,05/04/2025,Cinnamon Spiced Almonds,377,377,"€72,89",Crispy almonds coated with cinnamon and sugar for a sweet and crunchy snack.,Karlsruhe,Germany,proceed
378,01/01/2026,Pesto Genovese,378,378,"€43,51",Traditional basil pesto made with extra virgin olive oil.,Köln,Germany,returned
379,03/18/2025,Portable Campfire,379,379,"€16,84",Compact campfire for grilling and warmth during camping trips.,Lübeck,Germany,returned
380,12/23/2025,Maple Almond Butter,380,380,"€78,72",Creamy almond butter sweetened with maple syrup for a delicious spread.,Bochum,Germany,proceed
381,12/29/2025,Chocolate Chip Muffins,381,381,"€119,47",Fresh baked chocolate chip muffins for breakfast.,Bremen,Germany,returned
382,01/15/2025,Sketchbook,382,382,"€72,27",High-quality sketchbook for artists.,Berlin,Germany,returned
383,03/15/2025,Pumpkin Spice Muffins,383,383,"€148,43",Moist and flavorful muffins packed with fall spices and pumpkin puree.,Bochum,Germany,canceled
384,05/11/2026,Kale Chips,384,384,"€26,33","Healthy, crunchy kale chips, a nutritious snack.",Hamburg Bramfeld,Germany,proceed
385,03/22/2025,Kettle Corn Popcorn,385,385,"€31,74","Sweet and salty kettle corn, perfect for snacking.",Berlin,Germany,shipped
386,08/02/2025,Wireless Car Charger,386,386,"€44,69",Convenient charging pad for wireless charging in vehicles.,Hamburg Harvestehude,Germany,canceled
387,12/27/2025,Pet Activity Tracker,387,387,"€52,40",GPS collar that monitors your pet's location and activity level.,Düsseldorf,Germany,proceed
388,07/23/2025,Wireless Smart Plug,388,388,"€63,86",Control home appliances remotely using your smartphone app.,Kiel,Germany,canceled
389,05/11/2026,Fettuccine Alfredo Dinner Kit,389,389,"€95,85",Easy meal kit for creamy fettuccine Alfredo.,Frankfurt am Main,Germany,canceled
390,09/24/2025,Cinnamon Roll Protein Bar,390,390,"€17,75",Soft and chewy bar packed with protein and cinnamon flavors.,Wetzlar,Germany,canceled
391,07/20/2025,Tabletop Fire Pit,391,391,"€55,68",Compact and stylish indoor/outdoor fire pit for ambiance.,Bielefeld,Germany,shipped
392,11/13/2025,Portable Camping Stove,392,392,"€85,91",Compact camp stove for outdoor cooking.,Kiel,Germany,proceed
393,05/29/2025,Diced Tomatoes (canned),393,393,"€41,13","Canned diced tomatoes, great base for sauces and soups.",Dortmund,Germany,returned
394,04/18/2025,Crispy Rice Treats,394,394,"€67,46",Classic marshmallow treats made with crispy rice.,Köln,Germany,shipped
395,01/13/2025,Men's Waterproof Hiking Boots,395,395,"€108,19",Durable boots designed for outdoor hiking and activities.,Berlin,Germany,proceed
396,05/11/2026,Thai Coconut Curry Sauce,396,396,"€54,37",A rich coconut curry sauce perfect for simmering vegetables or meats.,Berlin,Germany,proceed
397,02/20/2025,Incense Holder,397,397,"€14,66",Ceramic incense holder for a calming atmosphere.,Hannover,Germany,shipped
398,02/16/2025,Survival Gear Kit,398,398,"€13,99",Essential survival gear kit for emergencies.,Kiel,Germany,canceled
399,05/14/2026,Bluetooth Sleep Headphones,399,399,"€85,94",Comfortable wireless headphones designed for sleeping.,Hamburg,Germany,canceled
400,10/08/2025,Compact Folding Table,400,400,"€141,70",Versatile folding table great for events or outdoor activities.,Dillenburg,Germany,proceed
401,03/26/2025,Beef Chili,401,401,"€139,75","Hearty beef chili, ready to heat and eat.",Leipzig,Germany,shipped
402,04/05/2026,Electric Heat Pad,402,402,"€126,18",Microwaveable heat pad for soothing muscle aches.,Köln,Germany,proceed
403,11/15/2025,Wooden Puzzle Game,403,403,"€108,41",Classic wooden puzzle game for kids and adults.,Stuttgart,Germany,shipped
404,11/25/2025,Smartphone Holder for Car,404,404,"€25,60",Secure phone mount for your vehicle's dashboard.,Münster,Germany,canceled
405,08/15/2025,Almond Butter Crunch Bar,405,405,"€40,32",Nutritious snack bar made with almond butter and protein.,Dresden,Germany,proceed
406,09/09/2025,Organic Fruit Salad,406,406,"€34,57","Fresh fruit salad, ready to eat and refreshing.",Ludwigshafen am Rhein,Germany,canceled
407,06/06/2025,Wild Rice & Quinoa Mix,407,407,"€28,76","Nutritious blend of wild rice and quinoa, perfect as a side dish.",Hamburg,Germany,proceed
408,07/18/2025,Cinnamon Sugar Popcorn,408,408,"€127,19",Sweet popcorn coated in a mixture of cinnamon and sugar.,Augsburg,Germany,returned
409,09/13/2025,Set of Decorative Storage Bins,409,409,"€54,25",Colorful bins to keep your space organized.,Mönchengladbach,Germany,shipped
410,05/13/2025,Electric Bike,410,410,"€98,02",Eco-friendly electric bike with a 30-mile range.,Köln,Germany,proceed
411,05/03/2025,Chickpea Snack Mix,411,411,"€102,49","Crunchy, seasoned chickpeas for a wholesome snack.",Frankfurt am Main,Germany,returned
412,09/13/2025,Basil Pesto Pasta,412,412,"€133,53","Pasta tossed with fresh basil pesto, simple and delicious.",Köln,Germany,canceled
413,05/10/2026,Self-Watering Planter,413,413,"€53,74",Planter with self-watering feature for easy plant care.,Berlin,Germany,returned
414,01/09/2026,Yoga Strap,414,414,"€112,76",Durable yoga strap for deeper stretches.,Braunschweig,Germany,canceled
415,08/24/2025,Wireless Printer,415,415,"€78,28",Compact wireless printer for home use.,Berlin,Germany,proceed
416,04/07/2026,Pasta Maker,416,416,"€108,76",Manual pasta maker for homemade pasta.,München,Germany,returned
417,12/21/2025,Dried Mango Slices,417,417,"€17,65","Sweet and chewy dried mango slices, perfect for snacking.",Berlin,Germany,returned
418,10/08/2025,Cacao Nibs,418,418,"€138,96","Crunchy cacao nibs, great for adding to smoothies or baking.",Berlin,Germany,canceled
419,10/17/2025,Graphic Print Leggings,419,419,"€123,10","Trendy leggings with a unique graphic print, versatile for workouts and casual wear.",Bielefeld,Germany,shipped
420,09/08/2025,Quinoa,420,420,"€70,50","Protein-rich quinoa, a great alternative to rice.",Kassel,Germany,shipped
421,02/07/2026,Gardening Kneeler and Seat,421,421,"€59,83",Foldable kneeler that doubles as a seat for gardening convenience.,Mainz,Germany,canceled
422,05/04/2025,Rolling Cooler,422,422,"€106,90",Wheeled cooler for transporting drinks and snacks.,Halle,Germany,canceled
423,05/03/2025,Dog Training Collar,423,423,"€70,16",Rechargeable training collar for effective behavior training.,Braunschweig,Germany,shipped
424,12/21/2025,Kitchen Knife Sharpening System,424,424,"€19,11",Professional sharpening system for kitchen knives.,Stuttgart,Germany,returned
425,11/11/2025,Wine Glasses,425,425,"€83,27",Set of elegant wine glasses for special occasions.,Aachen,Germany,proceed
426,11/12/2025,Reclining Camping Chair,426,426,"€141,47",Foldable reclining camping chair with cup holder.,Berlin,Germany,returned
427,01/11/2025,Dried Mango Slices,427,427,"€13,00","Sweet and chewy dried mango slices, perfect for snacking.",Bonn,Germany,proceed
428,06/15/2025,Garlic Herb Marinade,428,428,"€20,47","A savory marinade for meats, perfect for grilling.",Düsseldorf,Germany,canceled
429,03/04/2025,Vegan Tacos,429,429,"€143,99",Frozen vegan tacos filled with plant-based protein and spices.,Berlin,Germany,shipped
430,07/12/2025,Grass Fed Beef Patties,430,430,"€29,76",Juicy burger patties made with grass-fed beef,Rostock,Germany,proceed
431,09/16/2025,Classic Pesto Sauce,431,431,"€66,59","Fresh basil pesto, perfect for pasta or as a sandwich spread.",Hannover,Germany,canceled
432,03/12/2026,Backpack,432,432,"€19,55",Durable and spacious backpack for travel and school.,Wuppertal,Germany,shipped
433,09/14/2025,Feta Cheese,433,433,"€89,88","Tangy feta cheese, perfect for salads and sandwiches.",Chemnitz,Germany,proceed
434,03/11/2026,Vegan Alfredo Sauce,434,434,"€129,82","Creamy, dairy-free Alfredo sauce",Kiel,Germany,shipped
435,03/03/2026,Smart LED Light Strip,435,435,"€147,54","Customizable RGB LED light strip, perfect for mood lighting.",Hamburg,Germany,proceed
436,11/21/2025,Eco-Friendly Disposable Plates,436,436,"€47,71",Compostable plates suitable for various occasions.,Berlin,Germany,canceled
437,03/28/2026,Garlic Butter Sauce,437,437,"€105,60",A rich sauce perfect for pasta or drizzling over vegetables.,Solingen,Germany,canceled
438,06/04/2025,Herbed Mushroom Risotto,438,438,"€103,53","Creamy risotto made with mushrooms and herbs, perfect as a side dish or main course.",Dortmund,Germany,proceed
439,09/02/2025,Chickpeas,439,439,"€48,92","Canned chickpeas, perfect for hummus or salads.",Magdeburg,Germany,proceed
440,05/13/2026,LED Disco Ball Light,440,440,"€111,39",Fun light that creates a disco atmosphere for parties.,Saarbrücken,Germany,canceled
441,09/21/2025,Fitness Tracker,441,441,"€22,65","Track steps, heart rate, and sleep patterns.",Stuttgart Stuttgart-Mitte,Germany,shipped
442,02/26/2026,Electric Knife,442,442,"€121,74",Cordless electric knife for effortless slicing.,Berlin,Germany,shipped
443,04/15/2025,Rice Noodles,443,443,"€132,58","Thin rice noodles, ideal for stir-fries and soups.",Wiesbaden,Germany,proceed
444,04/28/2026,Roasted Sweet Corn,444,444,"€46,65",Sweet corn roasted to perfection for a delightful side.,Berlin,Germany,shipped
445,06/03/2025,Professional Chef Knife,445,445,"€70,71",High-carbon stainless steel chef knife for precision cutting.,München,Germany,shipped
446,04/13/2025,Cinnamon Sugar Donuts,446,446,"€79,75",Delicious mini donuts dusted with cinnamon sugar.,Berlin,Germany,shipped
447,04/22/2025,Creamy Tomato Basil Soup,447,447,"€50,92","Rich and creamy tomato basil soup, perfect with a grilled cheese.",Halle,Germany,returned
448,06/23/2025,Cinnamon Sugar Popcorn,448,448,"€23,70",Sweet popcorn coated in a mixture of cinnamon and sugar.,Nürnberg,Germany,shipped
449,02/24/2026,Carrot Ginger Soup,449,449,"€103,43","Smooth soup made from carrots and ginger, great for cold days.",Stuttgart,Germany,proceed
450,02/24/2025,Blueberry Muffin Mix,450,450,"€142,47",Make delightful blueberry muffins at home with this easy mix.,Wuppertal,Germany,proceed
451,11/23/2025,Mediterranean Couscous,451,451,"€87,60","Flavored couscous with herbs and spices, perfect as a side dish or a base for salads.",Berlin,Germany,proceed
452,10/14/2025,Non-Slip Yoga Socks,452,452,"€39,04",Yoga socks designed to provide better grip and stability.,Köln,Germany,shipped
453,04/26/2026,LED Desk Lamp,453,453,"€90,55",Dimmable LED desk lamp with USB charging port.,Offenbach,Germany,canceled
454,05/13/2026,Children's Science Experiment Lab Kit,454,454,"€32,77",STEM-based kit for kids featuring cool science experiments.,Berlin,Germany,returned
455,03/21/2026,Homemade Salsa,455,455,"€111,53","Fresh salsa made with tomatoes, onions, and cilantro.",Hamburg,Germany,shipped
456,06/28/2025,Caramel Sauce,456,456,"€55,96",Rich sauce for desserts and ice cream.,Würzburg,Germany,shipped
457,05/29/2025,Lemon Garlic Marinade,457,457,"€54,45","A zesty marinade made with lemon juice and garlic, ideal for chicken or fish.",Frankfurt am Main,Germany,returned
458,08/23/2025,Thai Peanut Noodles,458,458,"€111,42",Noodles tossed in a spicy Thai peanut sauce.,Karlsruhe,Germany,shipped
459,08/30/2025,DIY Lip Balm Kit,459,459,"€122,77",Craft your own lip balms with this complete kit.,Essen,Germany,shipped
460,05/01/2026,Blackberry Jam,460,460,"€40,09",Delicious homemade style blackberry jam.,Heilbronn,Germany,canceled
461,01/28/2025,Smartphone Hand Grip,461,461,"€27,04",Sturdy grip to hold your phone securely while taking selfies.,Remscheid,Germany,shipped
462,01/09/2026,Coconut Curry Sauce,462,462,"€22,52",A flavorful sauce made with coconut milk and spices.,Berlin,Germany,proceed
463,01/20/2026,Laptop Sleeve,463,463,"€139,31",Padded laptop sleeve for protection against scratches.,Hannover,Germany,shipped
464,09/06/2025,Sesame Ginger Dressing,464,464,"€115,17","Tangy dressing perfect for salads and marinades, with sesame and ginger flavors.",Berlin,Germany,canceled
465,01/12/2026,Trail Mix (Deluxe),465,465,"€104,55","A delightful mix of nuts, fruit, and chocolate.",Dortmund,Germany,canceled
466,03/06/2026,Buffalo Cauliflower Wings,466,466,"€36,16",Crispy cauliflower bites tossed in spicy buffalo sauce.,Hamburg Harvestehude,Germany,proceed
467,04/01/2025,Chopping Board,467,467,"€32,00",Reversible bamboo chopping board for food prep.,Hamburg,Germany,returned
468,04/21/2025,Granola Bars,468,468,"€57,88","Crispy and chewy granola bars, perfect for on-the-go.",Freiburg im Breisgau,Germany,canceled
469,06/09/2025,LED Christmas Lights,469,469,"€110,87",Eco-friendly LED lights for festive decorations.,Düsseldorf,Germany,shipped
470,04/15/2025,Outdoor Camping Hammock,470,470,"€93,12",Lightweight and durable hammock for relaxing in nature.,Berlin,Germany,canceled
471,05/30/2025,Cranberry Citrus Sauce,471,471,"€88,65","A tangy sauce made with cranberries and citrus zest, perfect for turkey and chicken dishes.",Chemnitz,Germany,proceed
472,04/29/2026,Decorative Throw Pillows,472,472,"€143,55",Set of stylish throw pillows for home decor.,Berlin,Germany,shipped
473,04/21/2026,Canned Sardines,473,473,"€92,47",Savory sardines packed in olive oil.,Braunschweig,Germany,proceed
474,03/24/2025,Beef Stroganoff Mix,474,474,"€63,56",Everything you need to create a hearty beef stroganoff.,Neuss,Germany,proceed
475,01/15/2026,Honey Mustard Dip,475,475,"€47,12",Sweet and tangy honey mustard dip for snacks.,Berlin,Germany,shipped
476,02/16/2026,Pumpkin Spice Cookies,476,476,"€77,84",Delicious cookies flavored with pumpkin and spices.,Wetzlar,Germany,shipped
477,07/14/2025,Roasted Chickpeas,477,477,"€108,18",Crispy roasted chickpeas seasoned to perfection,Bochum,Germany,returned
478,04/13/2026,Wall-Mounted Bookshelf,478,478,"€49,52",Floating bookshelf to display your favorite books.,Braunschweig,Germany,canceled
479,03/31/2025,Electric Rice Cooker,479,479,"€90,75",Multi-function rice cooker for all types of rice recipes.,Köln,Germany,shipped
480,01/06/2025,Basmati Rice,480,480,"€135,79","Aromatic long-grain basmati rice, perfect for curries.",Bonn,Germany,canceled
481,05/08/2026,Chicken Sausage,481,481,"€143,14","Flavorful chicken sausage, low in fat and fully cooked.",Berlin,Germany,returned
482,08/25/2025,Lentil Soup (canned),482,482,"€55,68",Hearty lentil soup for a quick meal.,Erfurt,Germany,proceed
483,01/10/2025,Motion Sensor Light,483,483,"€61,74",Battery-operated motion sensor light for safety.,Berlin,Germany,shipped
484,08/15/2025,Natural Fruit Snacks,484,484,"€90,57","Healthy fruit snacks, made with real fruit.",Hamburg,Germany,proceed
485,04/26/2026,Glass Water Bottle,485,485,"€16,04",Borosilicate glass water bottle with silicone sleeve.,Ludwigshafen am Rhein,Germany,proceed
486,07/01/2025,Handcrafted Wooden Jewelry Box,486,486,"€145,12",Beautifully crafted jewelry box with compartments for storage.,Leipzig,Germany,shipped
487,08/27/2025,Roasted Garlic,487,487,"€135,03",Savory roasted garlic in a jar for easy use.,Düsseldorf,Germany,shipped
488,08/28/2025,Coconut Curry Lentil Soup,488,488,"€36,45","A hearty soup made with lentils, coconut milk, and a blend of spices for a tropical flavor.",Hamburg,Germany,canceled
489,01/05/2025,Strawberry Fruit Spread,489,489,"€29,34",Natural fruit spread bursting with real strawberry flavor.,Wetzlar,Germany,canceled
490,11/05/2025,Wireless Range Extender,490,490,"€131,80",Boost your Wi-Fi signal for better coverage.,Gelsenkirchen,Germany,proceed
491,10/25/2025,Smart LED Desk Lamp,491,491,"€26,69",Adjustable lamp with multiple brightness levels and colors.,Dillenburg,Germany,canceled
492,07/01/2025,Granola Cereal,492,492,"€36,78","Crunchy granola with oats, nuts, and honey.",Magdeburg,Germany,shipped
493,07/09/2025,Multifunctional Baby Bottle Warmer,493,493,"€56,56",Warmer for heating baby bottles and food jars.,Düsseldorf,Germany,canceled
494,10/18/2025,Almond Flour,494,494,"€38,37","Gluten-free almond flour, perfect for baking.",Hamburg,Germany,canceled
495,03/20/2026,Instant Pot,495,495,"€23,88",7-in-1 multi-cooker for versatile cooking.,Berlin,Germany,shipped
496,04/29/2025,Cucumber Relish,496,496,"€24,76","Sweet relish made from cucumbers, perfect for sandwiches.",München,Germany,returned
497,01/08/2026,Margherita Pizza,497,497,"€70,27","A frozen pizza topped with fresh mozzarella, tomatoes, and basil.",Cottbus,Germany,returned
498,05/09/2026,Hand Crank Blender,498,498,"€88,12",Manual blender for smoothies and mixing ingredients on the go.,Bremen,Germany,shipped
499,05/09/2025,Graphic Hoodie,499,499,"€129,30",Bold graphic hoodie featuring a comfortable fit and soft fabric.,Magdeburg,Germany,proceed
500,11/01/2025,Children's Musical Instrument Set,500,500,"€69,76",Fun instruments to introduce kids to music.,Berlin,Germany,returned
